Target;Target_Namespace;Target_Type;Target_Method;Job_Id;Job_AnalyzeLaunchVariance;Job_EvaluateOverhead;Job_MaxAbsoluteError;Job_MaxRelativeError;Job_MinInvokeCount;Job_MinIterationTime;Job_OutlierMode;Job_Affinity;Job_EnvironmentVariables;Job_Jit;Job_LargeAddressAware;Job_Platform;Job_PowerPlanMode;Job_Runtime;Job_AllowVeryLargeObjects;Job_Concurrent;Job_CpuGroups;Job_Force;Job_HeapAffinitizeMask;Job_HeapCount;Job_NoAffinitize;Job_RetainVm;Job_Server;Job_Arguments;Job_BuildConfiguration;Job_Clock;Job_EngineFactory;Job_NuGetReferences;Job_Toolchain;Job_IsMutator;Job_InvocationCount;Job_IterationCount;Job_IterationTime;Job_LaunchCount;Job_MaxIterationCount;Job_MaxWarmupIterationCount;Job_MemoryRandomization;Job_MinIterationCount;Job_MinWarmupIterationCount;Job_RunStrategy;Job_UnrollFactor;Job_WarmupCount;Job_Display;Params;Measurement_LaunchIndex;Measurement_IterationMode;Measurement_IterationStage;Measurement_IterationIndex;Measurement_Nanoseconds;Measurement_Operations;Measurement_Value;Gen_0;Gen_1;Gen_2;Allocated_Bytes
ProfileAndMacroBenchmarks.'Profile load from memory';RagnaController.Benchmarks;ProfileAndMacroBenchmarks;'Profile load from memory';Job-FSVFRZ;Default;Default;Default;Default;Default;Default;Default;Default;Default;Default;Default;Default;Default;Default;Default;Default;Default;Default;Default;Default;Default;Default;True;Default;Default;Default;Default;Default;Default;Default;Default;10;Default;1;Default;Default;Default;Default;Default;Default;Default;3;"Job-FSVFRZ(Server=True, IterationCount=10, LaunchCount=1, WarmupCount=3)";;1;Overhead;Jitting;1;161000;1;161000;40;0;0;192
ProfileAndMacroBenchmarks.'Profile load from memory';RagnaController.Benchmarks;ProfileAndMacroBenchmarks;'Profile load from memory';Job-FSVFRZ;Default;Default;Default;Default;Default;Default;Default;Default;Default;Default;Default;Default;Default;Default;Default;Default;Default;Default;Default;Default;Default;Default;True;Default;Default;Default;Default;Default;Default;Default;Default;10;Default;1;Default;Default;Default;Default;Default;Default;Default;3;"Job-FSVFRZ(Server=True, IterationCount=10, LaunchCount=1, WarmupCount=3)";;1;Workload;Jitting;1;351400;1;351400;40;0;0;192
ProfileAndMacroBenchmarks.'Profile load from memory';RagnaController.Benchmarks;ProfileAndMacroBenchmarks;'Profile load from memory';Job-FSVFRZ;Default;Default;Default;Default;Default;Default;Default;Default;Default;Default;Default;Default;Default;Default;Default;Default;Default;Default;Default;Default;Default;Default;True;Default;Default;Default;Default;Default;Default;Default;Default;10;Default;1;Default;Default;Default;Default;Default;Default;Default;3;"Job-FSVFRZ(Server=True, IterationCount=10, LaunchCount=1, WarmupCount=3)";;1;Overhead;Jitting;2;346500;16;21656.25;40;0;0;192
ProfileAndMacroBenchmarks.'Profile load from memory';RagnaController.Benchmarks;ProfileAndMacroBenchmarks;'Profile load from memory';Job-FSVFRZ;Default;Default;Default;Default;Default;Default;Default;Default;Default;Default;Default;Default;Default;Default;Default;Default;Default;Default;Default;Default;Default;Default;True;Default;Default;Default;Default;Default;Default;Default;Default;10;Default;1;Default;Default;Default;Default;Default;Default;Default;3;"Job-FSVFRZ(Server=True, IterationCount=10, LaunchCount=1, WarmupCount=3)";;1;Workload;Jitting;2;327300;16;20456.25;40;0;0;192
ProfileAndMacroBenchmarks.'Profile load from memory';RagnaController.Benchmarks;ProfileAndMacroBenchmarks;'Profile load from memory';Job-FSVFRZ;Default;Default;Default;Default;Default;Default;Default;Default;Default;Default;Default;Default;Default;Default;Default;Default;Default;Default;Default;Default;Default;Default;True;Default;Default;Default;Default;Default;Default;Default;Default;10;Default;1;Default;Default;Default;Default;Default;Default;Default;3;"Job-FSVFRZ(Server=True, IterationCount=10, LaunchCount=1, WarmupCount=3)";;1;Workload;Pilot;1;6800;16;425;40;0;0;192
ProfileAndMacroBenchmarks.'Profile load from memory';RagnaController.Benchmarks;ProfileAndMacroBenchmarks;'Profile load from memory';Job-FSVFRZ;Default;Default;Default;Default;Default;Default;Default;Default;Default;Default;Default;Default;Default;Default;Default;Default;Default;Default;Default;Default;Default;Default;True;Default;Default;Default;Default;Default;Default;Default;Default;10;Default;1;Default;Default;Default;Default;Default;Default;Default;3;"Job-FSVFRZ(Server=True, IterationCount=10, LaunchCount=1, WarmupCount=3)";;1;Workload;Pilot;2;24100;32;753.13;40;0;0;192
ProfileAndMacroBenchmarks.'Profile load from memory';RagnaController.Benchmarks;ProfileAndMacroBenchmarks;'Profile load from memory';Job-FSVFRZ;Default;Default;Default;Default;Default;Default;Default;Default;Default;Default;Default;Default;Default;Default;Default;Default;Default;Default;Default;Default;Default;Default;True;Default;Default;Default;Default;Default;Default;Default;Default;10;Default;1;Default;Default;Default;Default;Default;Default;Default;3;"Job-FSVFRZ(Server=True, IterationCount=10, LaunchCount=1, WarmupCount=3)";;1;Workload;Pilot;3;9200;64;143.75;40;0;0;192
ProfileAndMacroBenchmarks.'Profile load from memory';RagnaController.Benchmarks;ProfileAndMacroBenchmarks;'Profile load from memory';Job-FSVFRZ;Default;Default;Default;Default;Default;Default;Default;Default;Default;Default;Default;Default;Default;Default;Default;Default;Default;Default;Default;Default;Default;Default;True;Default;Default;Default;Default;Default;Default;Default;Default;10;Default;1;Default;Default;Default;Default;Default;Default;Default;3;"Job-FSVFRZ(Server=True, IterationCount=10, LaunchCount=1, WarmupCount=3)";;1;Workload;Pilot;4;28900;128;225.78;40;0;0;192
ProfileAndMacroBenchmarks.'Profile load from memory';RagnaController.Benchmarks;ProfileAndMacroBenchmarks;'Profile load from memory';Job-FSVFRZ;Default;Default;Default;Default;Default;Default;Default;Default;Default;Default;Default;Default;Default;Default;Default;Default;Default;Default;Default;Default;Default;Default;True;Default;Default;Default;Default;Default;Default;Default;Default;10;Default;1;Default;Default;Default;Default;Default;Default;Default;3;"Job-FSVFRZ(Server=True, IterationCount=10, LaunchCount=1, WarmupCount=3)";;1;Workload;Pilot;5;39200;256;153.13;40;0;0;192
ProfileAndMacroBenchmarks.'Profile load from memory';RagnaController.Benchmarks;ProfileAndMacroBenchmarks;'Profile load from memory';Job-FSVFRZ;Default;Default;Default;Default;Default;Default;Default;Default;Default;Default;Default;Default;Default;Default;Default;Default;Default;Default;Default;Default;Default;Default;True;Default;Default;Default;Default;Default;Default;Default;Default;10;Default;1;Default;Default;Default;Default;Default;Default;Default;3;"Job-FSVFRZ(Server=True, IterationCount=10, LaunchCount=1, WarmupCount=3)";;1;Workload;Pilot;6;62600;512;122.27;40;0;0;192
ProfileAndMacroBenchmarks.'Profile load from memory';RagnaController.Benchmarks;ProfileAndMacroBenchmarks;'Profile load from memory';Job-FSVFRZ;Default;Default;Default;Default;Default;Default;Default;Default;Default;Default;Default;Default;Default;Default;Default;Default;Default;Default;Default;Default;Default;Default;True;Default;Default;Default;Default;Default;Default;Default;Default;10;Default;1;Default;Default;Default;Default;Default;Default;Default;3;"Job-FSVFRZ(Server=True, IterationCount=10, LaunchCount=1, WarmupCount=3)";;1;Workload;Pilot;7;96600;1024;94.34;40;0;0;192
ProfileAndMacroBenchmarks.'Profile load from memory';RagnaController.Benchmarks;ProfileAndMacroBenchmarks;'Profile load from memory';Job-FSVFRZ;Default;Default;Default;Default;Default;Default;Default;Default;Default;Default;Default;Default;Default;Default;Default;Default;Default;Default;Default;Default;Default;Default;True;Default;Default;Default;Default;Default;Default;Default;Default;10;Default;1;Default;Default;Default;Default;Default;Default;Default;3;"Job-FSVFRZ(Server=True, IterationCount=10, LaunchCount=1, WarmupCount=3)";;1;Workload;Pilot;8;226400;2048;110.55;40;0;0;192
ProfileAndMacroBenchmarks.'Profile load from memory';RagnaController.Benchmarks;ProfileAndMacroBenchmarks;'Profile load from memory';Job-FSVFRZ;Default;Default;Default;Default;Default;Default;Default;Default;Default;Default;Default;Default;Default;Default;Default;Default;Default;Default;Default;Default;Default;Default;True;Default;Default;Default;Default;Default;Default;Default;Default;10;Default;1;Default;Default;Default;Default;Default;Default;Default;3;"Job-FSVFRZ(Server=True, IterationCount=10, LaunchCount=1, WarmupCount=3)";;1;Workload;Pilot;9;291900;4096;71.26;40;0;0;192
ProfileAndMacroBenchmarks.'Profile load from memory';RagnaController.Benchmarks;ProfileAndMacroBenchmarks;'Profile load from memory';Job-FSVFRZ;Default;Default;Default;Default;Default;Default;Default;Default;Default;Default;Default;Default;Default;Default;Default;Default;Default;Default;Default;Default;Default;Default;True;Default;Default;Default;Default;Default;Default;Default;Default;10;Default;1;Default;Default;Default;Default;Default;Default;Default;3;"Job-FSVFRZ(Server=True, IterationCount=10, LaunchCount=1, WarmupCount=3)";;1;Workload;Pilot;10;866400;8192;105.76;40;0;0;192
ProfileAndMacroBenchmarks.'Profile load from memory';RagnaController.Benchmarks;ProfileAndMacroBenchmarks;'Profile load from memory';Job-FSVFRZ;Default;Default;Default;Default;Default;Default;Default;Default;Default;Default;Default;Default;Default;Default;Default;Default;Default;Default;Default;Default;Default;Default;True;Default;Default;Default;Default;Default;Default;Default;Default;10;Default;1;Default;Default;Default;Default;Default;Default;Default;3;"Job-FSVFRZ(Server=True, IterationCount=10, LaunchCount=1, WarmupCount=3)";;1;Workload;Pilot;11;1510900;16384;92.22;40;0;0;192
ProfileAndMacroBenchmarks.'Profile load from memory';RagnaController.Benchmarks;ProfileAndMacroBenchmarks;'Profile load from memory';Job-FSVFRZ;Default;Default;Default;Default;Default;Default;Default;Default;Default;Default;Default;Default;Default;Default;Default;Default;Default;Default;Default;Default;Default;Default;True;Default;Default;Default;Default;Default;Default;Default;Default;10;Default;1;Default;Default;Default;Default;Default;Default;Default;3;"Job-FSVFRZ(Server=True, IterationCount=10, LaunchCount=1, WarmupCount=3)";;1;Workload;Pilot;12;2805200;32768;85.61;40;0;0;192
ProfileAndMacroBenchmarks.'Profile load from memory';RagnaController.Benchmarks;ProfileAndMacroBenchmarks;'Profile load from memory';Job-FSVFRZ;Default;Default;Default;Default;Default;Default;Default;Default;Default;Default;Default;Default;Default;Default;Default;Default;Default;Default;Default;Default;Default;Default;True;Default;Default;Default;Default;Default;Default;Default;Default;10;Default;1;Default;Default;Default;Default;Default;Default;Default;3;"Job-FSVFRZ(Server=True, IterationCount=10, LaunchCount=1, WarmupCount=3)";;1;Workload;Pilot;13;5906000;65536;90.12;40;0;0;192
ProfileAndMacroBenchmarks.'Profile load from memory';RagnaController.Benchmarks;ProfileAndMacroBenchmarks;'Profile load from memory';Job-FSVFRZ;Default;Default;Default;Default;Default;Default;Default;Default;Default;Default;Default;Default;Default;Default;Default;Default;Default;Default;Default;Default;Default;Default;True;Default;Default;Default;Default;Default;Default;Default;Default;10;Default;1;Default;Default;Default;Default;Default;Default;Default;3;"Job-FSVFRZ(Server=True, IterationCount=10, LaunchCount=1, WarmupCount=3)";;1;Workload;Pilot;14;11483700;131072;87.61;40;0;0;192
ProfileAndMacroBenchmarks.'Profile load from memory';RagnaController.Benchmarks;ProfileAndMacroBenchmarks;'Profile load from memory';Job-FSVFRZ;Default;Default;Default;Default;Default;Default;Default;Default;Default;Default;Default;Default;Default;Default;Default;Default;Default;Default;Default;Default;Default;Default;True;Default;Default;Default;Default;Default;Default;Default;Default;10;Default;1;Default;Default;Default;Default;Default;Default;Default;3;"Job-FSVFRZ(Server=True, IterationCount=10, LaunchCount=1, WarmupCount=3)";;1;Workload;Pilot;15;22553100;262144;86.03;40;0;0;192
ProfileAndMacroBenchmarks.'Profile load from memory';RagnaController.Benchmarks;ProfileAndMacroBenchmarks;'Profile load from memory';Job-FSVFRZ;Default;Default;Default;Default;Default;Default;Default;Default;Default;Default;Default;Default;Default;Default;Default;Default;Default;Default;Default;Default;Default;Default;True;Default;Default;Default;Default;Default;Default;Default;Default;10;Default;1;Default;Default;Default;Default;Default;Default;Default;3;"Job-FSVFRZ(Server=True, IterationCount=10, LaunchCount=1, WarmupCount=3)";;1;Workload;Pilot;16;47799800;524288;91.17;40;0;0;192
ProfileAndMacroBenchmarks.'Profile load from memory';RagnaController.Benchmarks;ProfileAndMacroBenchmarks;'Profile load from memory';Job-FSVFRZ;Default;Default;Default;Default;Default;Default;Default;Default;Default;Default;Default;Default;Default;Default;Default;Default;Default;Default;Default;Default;Default;Default;True;Default;Default;Default;Default;Default;Default;Default;Default;10;Default;1;Default;Default;Default;Default;Default;Default;Default;3;"Job-FSVFRZ(Server=True, IterationCount=10, LaunchCount=1, WarmupCount=3)";;1;Workload;Pilot;17;95387400;1048576;90.97;40;0;0;192
ProfileAndMacroBenchmarks.'Profile load from memory';RagnaController.Benchmarks;ProfileAndMacroBenchmarks;'Profile load from memory';Job-FSVFRZ;Default;Default;Default;Default;Default;Default;Default;Default;Default;Default;Default;Default;Default;Default;Default;Default;Default;Default;Default;Default;Default;Default;True;Default;Default;Default;Default;Default;Default;Default;Default;10;Default;1;Default;Default;Default;Default;Default;Default;Default;3;"Job-FSVFRZ(Server=True, IterationCount=10, LaunchCount=1, WarmupCount=3)";;1;Workload;Pilot;18;125338500;2097152;59.77;40;0;0;192
ProfileAndMacroBenchmarks.'Profile load from memory';RagnaController.Benchmarks;ProfileAndMacroBenchmarks;'Profile load from memory';Job-FSVFRZ;Default;Default;Default;Default;Default;Default;Default;Default;Default;Default;Default;Default;Default;Default;Default;Default;Default;Default;Default;Default;Default;Default;True;Default;Default;Default;Default;Default;Default;Default;Default;10;Default;1;Default;Default;Default;Default;Default;Default;Default;3;"Job-FSVFRZ(Server=True, IterationCount=10, LaunchCount=1, WarmupCount=3)";;1;Workload;Pilot;19;130919700;4194304;31.21;40;0;0;192
ProfileAndMacroBenchmarks.'Profile load from memory';RagnaController.Benchmarks;ProfileAndMacroBenchmarks;'Profile load from memory';Job-FSVFRZ;Default;Default;Default;Default;Default;Default;Default;Default;Default;Default;Default;Default;Default;Default;Default;Default;Default;Default;Default;Default;Default;Default;True;Default;Default;Default;Default;Default;Default;Default;Default;10;Default;1;Default;Default;Default;Default;Default;Default;Default;3;"Job-FSVFRZ(Server=True, IterationCount=10, LaunchCount=1, WarmupCount=3)";;1;Workload;Pilot;20;247458000;8388608;29.5;40;0;0;192
ProfileAndMacroBenchmarks.'Profile load from memory';RagnaController.Benchmarks;ProfileAndMacroBenchmarks;'Profile load from memory';Job-FSVFRZ;Default;Default;Default;Default;Default;Default;Default;Default;Default;Default;Default;Default;Default;Default;Default;Default;Default;Default;Default;Default;Default;Default;True;Default;Default;Default;Default;Default;Default;Default;Default;10;Default;1;Default;Default;Default;Default;Default;Default;Default;3;"Job-FSVFRZ(Server=True, IterationCount=10, LaunchCount=1, WarmupCount=3)";;1;Workload;Pilot;21;475205700;16777216;28.32;40;0;0;192
ProfileAndMacroBenchmarks.'Profile load from memory';RagnaController.Benchmarks;ProfileAndMacroBenchmarks;'Profile load from memory';Job-FSVFRZ;Default;Default;Default;Default;Default;Default;Default;Default;Default;Default;Default;Default;Default;Default;Default;Default;Default;Default;Default;Default;Default;Default;True;Default;Default;Default;Default;Default;Default;Default;Default;10;Default;1;Default;Default;Default;Default;Default;Default;Default;3;"Job-FSVFRZ(Server=True, IterationCount=10, LaunchCount=1, WarmupCount=3)";;1;Workload;Pilot;22;1045686200;33554432;31.16;40;0;0;192
ProfileAndMacroBenchmarks.'Profile load from memory';RagnaController.Benchmarks;ProfileAndMacroBenchmarks;'Profile load from memory';Job-FSVFRZ;Default;Default;Default;Default;Default;Default;Default;Default;Default;Default;Default;Default;Default;Default;Default;Default;Default;Default;Default;Default;Default;Default;True;Default;Default;Default;Default;Default;Default;Default;Default;10;Default;1;Default;Default;Default;Default;Default;Default;Default;3;"Job-FSVFRZ(Server=True, IterationCount=10, LaunchCount=1, WarmupCount=3)";;1;Overhead;Warmup;1;79217800;33554432;2.36;40;0;0;192
ProfileAndMacroBenchmarks.'Profile load from memory';RagnaController.Benchmarks;ProfileAndMacroBenchmarks;'Profile load from memory';Job-FSVFRZ;Default;Default;Default;Default;Default;Default;Default;Default;Default;Default;Default;Default;Default;Default;Default;Default;Default;Default;Default;Default;Default;Default;True;Default;Default;Default;Default;Default;Default;Default;Default;10;Default;1;Default;Default;Default;Default;Default;Default;Default;3;"Job-FSVFRZ(Server=True, IterationCount=10, LaunchCount=1, WarmupCount=3)";;1;Overhead;Warmup;2;83193900;33554432;2.48;40;0;0;192
ProfileAndMacroBenchmarks.'Profile load from memory';RagnaController.Benchmarks;ProfileAndMacroBenchmarks;'Profile load from memory';Job-FSVFRZ;Default;Default;Default;Default;Default;Default;Default;Default;Default;Default;Default;Default;Default;Default;Default;Default;Default;Default;Default;Default;Default;Default;True;Default;Default;Default;Default;Default;Default;Default;Default;10;Default;1;Default;Default;Default;Default;Default;Default;Default;3;"Job-FSVFRZ(Server=True, IterationCount=10, LaunchCount=1, WarmupCount=3)";;1;Overhead;Warmup;3;90666700;33554432;2.7;40;0;0;192
ProfileAndMacroBenchmarks.'Profile load from memory';RagnaController.Benchmarks;ProfileAndMacroBenchmarks;'Profile load from memory';Job-FSVFRZ;Default;Default;Default;Default;Default;Default;Default;Default;Default;Default;Default;Default;Default;Default;Default;Default;Default;Default;Default;Default;Default;Default;True;Default;Default;Default;Default;Default;Default;Default;Default;10;Default;1;Default;Default;Default;Default;Default;Default;Default;3;"Job-FSVFRZ(Server=True, IterationCount=10, LaunchCount=1, WarmupCount=3)";;1;Overhead;Warmup;4;67436900;33554432;2.01;40;0;0;192
ProfileAndMacroBenchmarks.'Profile load from memory';RagnaController.Benchmarks;ProfileAndMacroBenchmarks;'Profile load from memory';Job-FSVFRZ;Default;Default;Default;Default;Default;Default;Default;Default;Default;Default;Default;Default;Default;Default;Default;Default;Default;Default;Default;Default;Default;Default;True;Default;Default;Default;Default;Default;Default;Default;Default;10;Default;1;Default;Default;Default;Default;Default;Default;Default;3;"Job-FSVFRZ(Server=True, IterationCount=10, LaunchCount=1, WarmupCount=3)";;1;Overhead;Warmup;5;65618900;33554432;1.96;40;0;0;192
ProfileAndMacroBenchmarks.'Profile load from memory';RagnaController.Benchmarks;ProfileAndMacroBenchmarks;'Profile load from memory';Job-FSVFRZ;Default;Default;Default;Default;Default;Default;Default;Default;Default;Default;Default;Default;Default;Default;Default;Default;Default;Default;Default;Default;Default;Default;True;Default;Default;Default;Default;Default;Default;Default;Default;10;Default;1;Default;Default;Default;Default;Default;Default;Default;3;"Job-FSVFRZ(Server=True, IterationCount=10, LaunchCount=1, WarmupCount=3)";;1;Overhead;Warmup;6;72374200;33554432;2.16;40;0;0;192
ProfileAndMacroBenchmarks.'Profile load from memory';RagnaController.Benchmarks;ProfileAndMacroBenchmarks;'Profile load from memory';Job-FSVFRZ;Default;Default;Default;Default;Default;Default;Default;Default;Default;Default;Default;Default;Default;Default;Default;Default;Default;Default;Default;Default;Default;Default;True;Default;Default;Default;Default;Default;Default;Default;Default;10;Default;1;Default;Default;Default;Default;Default;Default;Default;3;"Job-FSVFRZ(Server=True, IterationCount=10, LaunchCount=1, WarmupCount=3)";;1;Overhead;Warmup;7;67806400;33554432;2.02;40;0;0;192
ProfileAndMacroBenchmarks.'Profile load from memory';RagnaController.Benchmarks;ProfileAndMacroBenchmarks;'Profile load from memory';Job-FSVFRZ;Default;Default;Default;Default;Default;Default;Default;Default;Default;Default;Default;Default;Default;Default;Default;Default;Default;Default;Default;Default;Default;Default;True;Default;Default;Default;Default;Default;Default;Default;Default;10;Default;1;Default;Default;Default;Default;Default;Default;Default;3;"Job-FSVFRZ(Server=True, IterationCount=10, LaunchCount=1, WarmupCount=3)";;1;Overhead;Actual;1;73242100;33554432;2.18;40;0;0;192
ProfileAndMacroBenchmarks.'Profile load from memory';RagnaController.Benchmarks;ProfileAndMacroBenchmarks;'Profile load from memory';Job-FSVFRZ;Default;Default;Default;Default;Default;Default;Default;Default;Default;Default;Default;Default;Default;Default;Default;Default;Default;Default;Default;Default;Default;Default;True;Default;Default;Default;Default;Default;Default;Default;Default;10;Default;1;Default;Default;Default;Default;Default;Default;Default;3;"Job-FSVFRZ(Server=True, IterationCount=10, LaunchCount=1, WarmupCount=3)";;1;Overhead;Actual;2;78905900;33554432;2.35;40;0;0;192
ProfileAndMacroBenchmarks.'Profile load from memory';RagnaController.Benchmarks;ProfileAndMacroBenchmarks;'Profile load from memory';Job-FSVFRZ;Default;Default;Default;Default;Default;Default;Default;Default;Default;Default;Default;Default;Default;Default;Default;Default;Default;Default;Default;Default;Default;Default;True;Default;Default;Default;Default;Default;Default;Default;Default;10;Default;1;Default;Default;Default;Default;Default;Default;Default;3;"Job-FSVFRZ(Server=True, IterationCount=10, LaunchCount=1, WarmupCount=3)";;1;Overhead;Actual;3;77764500;33554432;2.32;40;0;0;192
ProfileAndMacroBenchmarks.'Profile load from memory';RagnaController.Benchmarks;ProfileAndMacroBenchmarks;'Profile load from memory';Job-FSVFRZ;Default;Default;Default;Default;Default;Default;Default;Default;Default;Default;Default;Default;Default;Default;Default;Default;Default;Default;Default;Default;Default;Default;True;Default;Default;Default;Default;Default;Default;Default;Default;10;Default;1;Default;Default;Default;Default;Default;Default;Default;3;"Job-FSVFRZ(Server=True, IterationCount=10, LaunchCount=1, WarmupCount=3)";;1;Overhead;Actual;4;72578900;33554432;2.16;40;0;0;192
ProfileAndMacroBenchmarks.'Profile load from memory';RagnaController.Benchmarks;ProfileAndMacroBenchmarks;'Profile load from memory';Job-FSVFRZ;Default;Default;Default;Default;Default;Default;Default;Default;Default;Default;Default;Default;Default;Default;Default;Default;Default;Default;Default;Default;Default;Default;True;Default;Default;Default;Default;Default;Default;Default;Default;10;Default;1;Default;Default;Default;Default;Default;Default;Default;3;"Job-FSVFRZ(Server=True, IterationCount=10, LaunchCount=1, WarmupCount=3)";;1;Overhead;Actual;5;72183500;33554432;2.15;40;0;0;192
ProfileAndMacroBenchmarks.'Profile load from memory';RagnaController.Benchmarks;ProfileAndMacroBenchmarks;'Profile load from memory';Job-FSVFRZ;Default;Default;Default;Default;Default;Default;Default;Default;Default;Default;Default;Default;Default;Default;Default;Default;Default;Default;Default;Default;Default;Default;True;Default;Default;Default;Default;Default;Default;Default;Default;10;Default;1;Default;Default;Default;Default;Default;Default;Default;3;"Job-FSVFRZ(Server=True, IterationCount=10, LaunchCount=1, WarmupCount=3)";;1;Overhead;Actual;6;73624900;33554432;2.19;40;0;0;192
ProfileAndMacroBenchmarks.'Profile load from memory';RagnaController.Benchmarks;ProfileAndMacroBenchmarks;'Profile load from memory';Job-FSVFRZ;Default;Default;Default;Default;Default;Default;Default;Default;Default;Default;Default;Default;Default;Default;Default;Default;Default;Default;Default;Default;Default;Default;True;Default;Default;Default;Default;Default;Default;Default;Default;10;Default;1;Default;Default;Default;Default;Default;Default;Default;3;"Job-FSVFRZ(Server=True, IterationCount=10, LaunchCount=1, WarmupCount=3)";;1;Overhead;Actual;7;72444400;33554432;2.16;40;0;0;192
ProfileAndMacroBenchmarks.'Profile load from memory';RagnaController.Benchmarks;ProfileAndMacroBenchmarks;'Profile load from memory';Job-FSVFRZ;Default;Default;Default;Default;Default;Default;Default;Default;Default;Default;Default;Default;Default;Default;Default;Default;Default;Default;Default;Default;Default;Default;True;Default;Default;Default;Default;Default;Default;Default;Default;10;Default;1;Default;Default;Default;Default;Default;Default;Default;3;"Job-FSVFRZ(Server=True, IterationCount=10, LaunchCount=1, WarmupCount=3)";;1;Overhead;Actual;8;73024000;33554432;2.18;40;0;0;192
ProfileAndMacroBenchmarks.'Profile load from memory';RagnaController.Benchmarks;ProfileAndMacroBenchmarks;'Profile load from memory';Job-FSVFRZ;Default;Default;Default;Default;Default;Default;Default;Default;Default;Default;Default;Default;Default;Default;Default;Default;Default;Default;Default;Default;Default;Default;True;Default;Default;Default;Default;Default;Default;Default;Default;10;Default;1;Default;Default;Default;Default;Default;Default;Default;3;"Job-FSVFRZ(Server=True, IterationCount=10, LaunchCount=1, WarmupCount=3)";;1;Overhead;Actual;9;80905400;33554432;2.41;40;0;0;192
ProfileAndMacroBenchmarks.'Profile load from memory';RagnaController.Benchmarks;ProfileAndMacroBenchmarks;'Profile load from memory';Job-FSVFRZ;Default;Default;Default;Default;Default;Default;Default;Default;Default;Default;Default;Default;Default;Default;Default;Default;Default;Default;Default;Default;Default;Default;True;Default;Default;Default;Default;Default;Default;Default;Default;10;Default;1;Default;Default;Default;Default;Default;Default;Default;3;"Job-FSVFRZ(Server=True, IterationCount=10, LaunchCount=1, WarmupCount=3)";;1;Overhead;Actual;10;77773900;33554432;2.32;40;0;0;192
ProfileAndMacroBenchmarks.'Profile load from memory';RagnaController.Benchmarks;ProfileAndMacroBenchmarks;'Profile load from memory';Job-FSVFRZ;Default;Default;Default;Default;Default;Default;Default;Default;Default;Default;Default;Default;Default;Default;Default;Default;Default;Default;Default;Default;Default;Default;True;Default;Default;Default;Default;Default;Default;Default;Default;10;Default;1;Default;Default;Default;Default;Default;Default;Default;3;"Job-FSVFRZ(Server=True, IterationCount=10, LaunchCount=1, WarmupCount=3)";;1;Overhead;Actual;11;76320600;33554432;2.27;40;0;0;192
ProfileAndMacroBenchmarks.'Profile load from memory';RagnaController.Benchmarks;ProfileAndMacroBenchmarks;'Profile load from memory';Job-FSVFRZ;Default;Default;Default;Default;Default;Default;Default;Default;Default;Default;Default;Default;Default;Default;Default;Default;Default;Default;Default;Default;Default;Default;True;Default;Default;Default;Default;Default;Default;Default;Default;10;Default;1;Default;Default;Default;Default;Default;Default;Default;3;"Job-FSVFRZ(Server=True, IterationCount=10, LaunchCount=1, WarmupCount=3)";;1;Overhead;Actual;12;75040400;33554432;2.24;40;0;0;192
ProfileAndMacroBenchmarks.'Profile load from memory';RagnaController.Benchmarks;ProfileAndMacroBenchmarks;'Profile load from memory';Job-FSVFRZ;Default;Default;Default;Default;Default;Default;Default;Default;Default;Default;Default;Default;Default;Default;Default;Default;Default;Default;Default;Default;Default;Default;True;Default;Default;Default;Default;Default;Default;Default;Default;10;Default;1;Default;Default;Default;Default;Default;Default;Default;3;"Job-FSVFRZ(Server=True, IterationCount=10, LaunchCount=1, WarmupCount=3)";;1;Overhead;Actual;13;78320900;33554432;2.33;40;0;0;192
ProfileAndMacroBenchmarks.'Profile load from memory';RagnaController.Benchmarks;ProfileAndMacroBenchmarks;'Profile load from memory';Job-FSVFRZ;Default;Default;Default;Default;Default;Default;Default;Default;Default;Default;Default;Default;Default;Default;Default;Default;Default;Default;Default;Default;Default;Default;True;Default;Default;Default;Default;Default;Default;Default;Default;10;Default;1;Default;Default;Default;Default;Default;Default;Default;3;"Job-FSVFRZ(Server=True, IterationCount=10, LaunchCount=1, WarmupCount=3)";;1;Overhead;Actual;14;77863400;33554432;2.32;40;0;0;192
ProfileAndMacroBenchmarks.'Profile load from memory';RagnaController.Benchmarks;ProfileAndMacroBenchmarks;'Profile load from memory';Job-FSVFRZ;Default;Default;Default;Default;Default;Default;Default;Default;Default;Default;Default;Default;Default;Default;Default;Default;Default;Default;Default;Default;Default;Default;True;Default;Default;Default;Default;Default;Default;Default;Default;10;Default;1;Default;Default;Default;Default;Default;Default;Default;3;"Job-FSVFRZ(Server=True, IterationCount=10, LaunchCount=1, WarmupCount=3)";;1;Overhead;Actual;15;84742700;33554432;2.53;40;0;0;192
ProfileAndMacroBenchmarks.'Profile load from memory';RagnaController.Benchmarks;ProfileAndMacroBenchmarks;'Profile load from memory';Job-FSVFRZ;Default;Default;Default;Default;Default;Default;Default;Default;Default;Default;Default;Default;Default;Default;Default;Default;Default;Default;Default;Default;Default;Default;True;Default;Default;Default;Default;Default;Default;Default;Default;10;Default;1;Default;Default;Default;Default;Default;Default;Default;3;"Job-FSVFRZ(Server=True, IterationCount=10, LaunchCount=1, WarmupCount=3)";;1;Overhead;Actual;16;83864900;33554432;2.5;40;0;0;192
ProfileAndMacroBenchmarks.'Profile load from memory';RagnaController.Benchmarks;ProfileAndMacroBenchmarks;'Profile load from memory';Job-FSVFRZ;Default;Default;Default;Default;Default;Default;Default;Default;Default;Default;Default;Default;Default;Default;Default;Default;Default;Default;Default;Default;Default;Default;True;Default;Default;Default;Default;Default;Default;Default;Default;10;Default;1;Default;Default;Default;Default;Default;Default;Default;3;"Job-FSVFRZ(Server=True, IterationCount=10, LaunchCount=1, WarmupCount=3)";;1;Overhead;Actual;17;74889500;33554432;2.23;40;0;0;192
ProfileAndMacroBenchmarks.'Profile load from memory';RagnaController.Benchmarks;ProfileAndMacroBenchmarks;'Profile load from memory';Job-FSVFRZ;Default;Default;Default;Default;Default;Default;Default;Default;Default;Default;Default;Default;Default;Default;Default;Default;Default;Default;Default;Default;Default;Default;True;Default;Default;Default;Default;Default;Default;Default;Default;10;Default;1;Default;Default;Default;Default;Default;Default;Default;3;"Job-FSVFRZ(Server=True, IterationCount=10, LaunchCount=1, WarmupCount=3)";;1;Workload;Warmup;1;1369758700;33554432;40.82;40;0;0;192
ProfileAndMacroBenchmarks.'Profile load from memory';RagnaController.Benchmarks;ProfileAndMacroBenchmarks;'Profile load from memory';Job-FSVFRZ;Default;Default;Default;Default;Default;Default;Default;Default;Default;Default;Default;Default;Default;Default;Default;Default;Default;Default;Default;Default;Default;Default;True;Default;Default;Default;Default;Default;Default;Default;Default;10;Default;1;Default;Default;Default;Default;Default;Default;Default;3;"Job-FSVFRZ(Server=True, IterationCount=10, LaunchCount=1, WarmupCount=3)";;1;Workload;Warmup;2;1150734000;33554432;34.29;40;0;0;192
ProfileAndMacroBenchmarks.'Profile load from memory';RagnaController.Benchmarks;ProfileAndMacroBenchmarks;'Profile load from memory';Job-FSVFRZ;Default;Default;Default;Default;Default;Default;Default;Default;Default;Default;Default;Default;Default;Default;Default;Default;Default;Default;Default;Default;Default;Default;True;Default;Default;Default;Default;Default;Default;Default;Default;10;Default;1;Default;Default;Default;Default;Default;Default;Default;3;"Job-FSVFRZ(Server=True, IterationCount=10, LaunchCount=1, WarmupCount=3)";;1;Workload;Warmup;3;1196143700;33554432;35.65;40;0;0;192
ProfileAndMacroBenchmarks.'Profile load from memory';RagnaController.Benchmarks;ProfileAndMacroBenchmarks;'Profile load from memory';Job-FSVFRZ;Default;Default;Default;Default;Default;Default;Default;Default;Default;Default;Default;Default;Default;Default;Default;Default;Default;Default;Default;Default;Default;Default;True;Default;Default;Default;Default;Default;Default;Default;Default;10;Default;1;Default;Default;Default;Default;Default;Default;Default;3;"Job-FSVFRZ(Server=True, IterationCount=10, LaunchCount=1, WarmupCount=3)";;1;Workload;Actual;1;1233946300;33554432;36.77;40;0;0;192
ProfileAndMacroBenchmarks.'Profile load from memory';RagnaController.Benchmarks;ProfileAndMacroBenchmarks;'Profile load from memory';Job-FSVFRZ;Default;Default;Default;Default;Default;Default;Default;Default;Default;Default;Default;Default;Default;Default;Default;Default;Default;Default;Default;Default;Default;Default;True;Default;Default;Default;Default;Default;Default;Default;Default;10;Default;1;Default;Default;Default;Default;Default;Default;Default;3;"Job-FSVFRZ(Server=True, IterationCount=10, LaunchCount=1, WarmupCount=3)";;1;Workload;Actual;2;1156943400;33554432;34.48;40;0;0;192
ProfileAndMacroBenchmarks.'Profile load from memory';RagnaController.Benchmarks;ProfileAndMacroBenchmarks;'Profile load from memory';Job-FSVFRZ;Default;Default;Default;Default;Default;Default;Default;Default;Default;Default;Default;Default;Default;Default;Default;Default;Default;Default;Default;Default;Default;Default;True;Default;Default;Default;Default;Default;Default;Default;Default;10;Default;1;Default;Default;Default;Default;Default;Default;Default;3;"Job-FSVFRZ(Server=True, IterationCount=10, LaunchCount=1, WarmupCount=3)";;1;Workload;Actual;3;1299617500;33554432;38.73;40;0;0;192
ProfileAndMacroBenchmarks.'Profile load from memory';RagnaController.Benchmarks;ProfileAndMacroBenchmarks;'Profile load from memory';Job-FSVFRZ;Default;Default;Default;Default;Default;Default;Default;Default;Default;Default;Default;Default;Default;Default;Default;Default;Default;Default;Default;Default;Default;Default;True;Default;Default;Default;Default;Default;Default;Default;Default;10;Default;1;Default;Default;Default;Default;Default;Default;Default;3;"Job-FSVFRZ(Server=True, IterationCount=10, LaunchCount=1, WarmupCount=3)";;1;Workload;Actual;4;1255782500;33554432;37.43;40;0;0;192
ProfileAndMacroBenchmarks.'Profile load from memory';RagnaController.Benchmarks;ProfileAndMacroBenchmarks;'Profile load from memory';Job-FSVFRZ;Default;Default;Default;Default;Default;Default;Default;Default;Default;Default;Default;Default;Default;Default;Default;Default;Default;Default;Default;Default;Default;Default;True;Default;Default;Default;Default;Default;Default;Default;Default;10;Default;1;Default;Default;Default;Default;Default;Default;Default;3;"Job-FSVFRZ(Server=True, IterationCount=10, LaunchCount=1, WarmupCount=3)";;1;Workload;Actual;5;1278595400;33554432;38.11;40;0;0;192
ProfileAndMacroBenchmarks.'Profile load from memory';RagnaController.Benchmarks;ProfileAndMacroBenchmarks;'Profile load from memory';Job-FSVFRZ;Default;Default;Default;Default;Default;Default;Default;Default;Default;Default;Default;Default;Default;Default;Default;Default;Default;Default;Default;Default;Default;Default;True;Default;Default;Default;Default;Default;Default;Default;Default;10;Default;1;Default;Default;Default;Default;Default;Default;Default;3;"Job-FSVFRZ(Server=True, IterationCount=10, LaunchCount=1, WarmupCount=3)";;1;Workload;Actual;6;1121761900;33554432;33.43;40;0;0;192
ProfileAndMacroBenchmarks.'Profile load from memory';RagnaController.Benchmarks;ProfileAndMacroBenchmarks;'Profile load from memory';Job-FSVFRZ;Default;Default;Default;Default;Default;Default;Default;Default;Default;Default;Default;Default;Default;Default;Default;Default;Default;Default;Default;Default;Default;Default;True;Default;Default;Default;Default;Default;Default;Default;Default;10;Default;1;Default;Default;Default;Default;Default;Default;Default;3;"Job-FSVFRZ(Server=True, IterationCount=10, LaunchCount=1, WarmupCount=3)";;1;Workload;Actual;7;1382256100;33554432;41.19;40;0;0;192
ProfileAndMacroBenchmarks.'Profile load from memory';RagnaController.Benchmarks;ProfileAndMacroBenchmarks;'Profile load from memory';Job-FSVFRZ;Default;Default;Default;Default;Default;Default;Default;Default;Default;Default;Default;Default;Default;Default;Default;Default;Default;Default;Default;Default;Default;Default;True;Default;Default;Default;Default;Default;Default;Default;Default;10;Default;1;Default;Default;Default;Default;Default;Default;Default;3;"Job-FSVFRZ(Server=True, IterationCount=10, LaunchCount=1, WarmupCount=3)";;1;Workload;Actual;8;1597650500;33554432;47.61;40;0;0;192
ProfileAndMacroBenchmarks.'Profile load from memory';RagnaController.Benchmarks;ProfileAndMacroBenchmarks;'Profile load from memory';Job-FSVFRZ;Default;Default;Default;Default;Default;Default;Default;Default;Default;Default;Default;Default;Default;Default;Default;Default;Default;Default;Default;Default;Default;Default;True;Default;Default;Default;Default;Default;Default;Default;Default;10;Default;1;Default;Default;Default;Default;Default;Default;Default;3;"Job-FSVFRZ(Server=True, IterationCount=10, LaunchCount=1, WarmupCount=3)";;1;Workload;Actual;9;1575596500;33554432;46.96;40;0;0;192
ProfileAndMacroBenchmarks.'Profile load from memory';RagnaController.Benchmarks;ProfileAndMacroBenchmarks;'Profile load from memory';Job-FSVFRZ;Default;Default;Default;Default;Default;Default;Default;Default;Default;Default;Default;Default;Default;Default;Default;Default;Default;Default;Default;Default;Default;Default;True;Default;Default;Default;Default;Default;Default;Default;Default;10;Default;1;Default;Default;Default;Default;Default;Default;Default;3;"Job-FSVFRZ(Server=True, IterationCount=10, LaunchCount=1, WarmupCount=3)";;1;Workload;Actual;10;1299158900;33554432;38.72;40;0;0;192
ProfileAndMacroBenchmarks.'Profile load from memory';RagnaController.Benchmarks;ProfileAndMacroBenchmarks;'Profile load from memory';Job-FSVFRZ;Default;Default;Default;Default;Default;Default;Default;Default;Default;Default;Default;Default;Default;Default;Default;Default;Default;Default;Default;Default;Default;Default;True;Default;Default;Default;Default;Default;Default;Default;Default;10;Default;1;Default;Default;Default;Default;Default;Default;Default;3;"Job-FSVFRZ(Server=True, IterationCount=10, LaunchCount=1, WarmupCount=3)";;1;Workload;Result;1;1157625700;33554432;34.5;40;0;0;192
ProfileAndMacroBenchmarks.'Profile load from memory';RagnaController.Benchmarks;ProfileAndMacroBenchmarks;'Profile load from memory';Job-FSVFRZ;Default;Default;Default;Default;Default;Default;Default;Default;Default;Default;Default;Default;Default;Default;Default;Default;Default;Default;Default;Default;Default;Default;True;Default;Default;Default;Default;Default;Default;Default;Default;10;Default;1;Default;Default;Default;Default;Default;Default;Default;3;"Job-FSVFRZ(Server=True, IterationCount=10, LaunchCount=1, WarmupCount=3)";;1;Workload;Result;2;1080622800;33554432;32.21;40;0;0;192
ProfileAndMacroBenchmarks.'Profile load from memory';RagnaController.Benchmarks;ProfileAndMacroBenchmarks;'Profile load from memory';Job-FSVFRZ;Default;Default;Default;Default;Default;Default;Default;Default;Default;Default;Default;Default;Default;Default;Default;Default;Default;Default;Default;Default;Default;Default;True;Default;Default;Default;Default;Default;Default;Default;Default;10;Default;1;Default;Default;Default;Default;Default;Default;Default;3;"Job-FSVFRZ(Server=True, IterationCount=10, LaunchCount=1, WarmupCount=3)";;1;Workload;Result;3;1223296900;33554432;36.46;40;0;0;192
ProfileAndMacroBenchmarks.'Profile load from memory';RagnaController.Benchmarks;ProfileAndMacroBenchmarks;'Profile load from memory';Job-FSVFRZ;Default;Default;Default;Default;Default;Default;Default;Default;Default;Default;Default;Default;Default;Default;Default;Default;Default;Default;Default;Default;Default;Default;True;Default;Default;Default;Default;Default;Default;Default;Default;10;Default;1;Default;Default;Default;Default;Default;Default;Default;3;"Job-FSVFRZ(Server=True, IterationCount=10, LaunchCount=1, WarmupCount=3)";;1;Workload;Result;4;1179461900;33554432;35.15;40;0;0;192
ProfileAndMacroBenchmarks.'Profile load from memory';RagnaController.Benchmarks;ProfileAndMacroBenchmarks;'Profile load from memory';Job-FSVFRZ;Default;Default;Default;Default;Default;Default;Default;Default;Default;Default;Default;Default;Default;Default;Default;Default;Default;Default;Default;Default;Default;Default;True;Default;Default;Default;Default;Default;Default;Default;Default;10;Default;1;Default;Default;Default;Default;Default;Default;Default;3;"Job-FSVFRZ(Server=True, IterationCount=10, LaunchCount=1, WarmupCount=3)";;1;Workload;Result;5;1202274800;33554432;35.83;40;0;0;192
ProfileAndMacroBenchmarks.'Profile load from memory';RagnaController.Benchmarks;ProfileAndMacroBenchmarks;'Profile load from memory';Job-FSVFRZ;Default;Default;Default;Default;Default;Default;Default;Default;Default;Default;Default;Default;Default;Default;Default;Default;Default;Default;Default;Default;Default;Default;True;Default;Default;Default;Default;Default;Default;Default;Default;10;Default;1;Default;Default;Default;Default;Default;Default;Default;3;"Job-FSVFRZ(Server=True, IterationCount=10, LaunchCount=1, WarmupCount=3)";;1;Workload;Result;6;1045441300;33554432;31.16;40;0;0;192
ProfileAndMacroBenchmarks.'Profile load from memory';RagnaController.Benchmarks;ProfileAndMacroBenchmarks;'Profile load from memory';Job-FSVFRZ;Default;Default;Default;Default;Default;Default;Default;Default;Default;Default;Default;Default;Default;Default;Default;Default;Default;Default;Default;Default;Default;Default;True;Default;Default;Default;Default;Default;Default;Default;Default;10;Default;1;Default;Default;Default;Default;Default;Default;Default;3;"Job-FSVFRZ(Server=True, IterationCount=10, LaunchCount=1, WarmupCount=3)";;1;Workload;Result;7;1305935500;33554432;38.92;40;0;0;192
ProfileAndMacroBenchmarks.'Profile load from memory';RagnaController.Benchmarks;ProfileAndMacroBenchmarks;'Profile load from memory';Job-FSVFRZ;Default;Default;Default;Default;Default;Default;Default;Default;Default;Default;Default;Default;Default;Default;Default;Default;Default;Default;Default;Default;Default;Default;True;Default;Default;Default;Default;Default;Default;Default;Default;10;Default;1;Default;Default;Default;Default;Default;Default;Default;3;"Job-FSVFRZ(Server=True, IterationCount=10, LaunchCount=1, WarmupCount=3)";;1;Workload;Result;8;1222838300;33554432;36.44;40;0;0;192
"ProfileAndMacroBenchmarks.'Profile switch (unload old, load new)'";RagnaController.Benchmarks;ProfileAndMacroBenchmarks;"'Profile switch (unload old, load new)'";Job-FSVFRZ;Default;Default;Default;Default;Default;Default;Default;Default;Default;Default;Default;Default;Default;Default;Default;Default;Default;Default;Default;Default;Default;Default;True;Default;Default;Default;Default;Default;Default;Default;Default;10;Default;1;Default;Default;Default;Default;Default;Default;Default;3;"Job-FSVFRZ(Server=True, IterationCount=10, LaunchCount=1, WarmupCount=3)";;1;Overhead;Jitting;1;149200;1;149200;26;0;0;128
"ProfileAndMacroBenchmarks.'Profile switch (unload old, load new)'";RagnaController.Benchmarks;ProfileAndMacroBenchmarks;"'Profile switch (unload old, load new)'";Job-FSVFRZ;Default;Default;Default;Default;Default;Default;Default;Default;Default;Default;Default;Default;Default;Default;Default;Default;Default;Default;Default;Default;Default;Default;True;Default;Default;Default;Default;Default;Default;Default;Default;10;Default;1;Default;Default;Default;Default;Default;Default;Default;3;"Job-FSVFRZ(Server=True, IterationCount=10, LaunchCount=1, WarmupCount=3)";;1;Workload;Jitting;1;641300;1;641300;26;0;0;128
"ProfileAndMacroBenchmarks.'Profile switch (unload old, load new)'";RagnaController.Benchmarks;ProfileAndMacroBenchmarks;"'Profile switch (unload old, load new)'";Job-FSVFRZ;Default;Default;Default;Default;Default;Default;Default;Default;Default;Default;Default;Default;Default;Default;Default;Default;Default;Default;Default;Default;Default;Default;True;Default;Default;Default;Default;Default;Default;Default;Default;10;Default;1;Default;Default;Default;Default;Default;Default;Default;3;"Job-FSVFRZ(Server=True, IterationCount=10, LaunchCount=1, WarmupCount=3)";;1;Overhead;Jitting;2;134900;16;8431.25;26;0;0;128
"ProfileAndMacroBenchmarks.'Profile switch (unload old, load new)'";RagnaController.Benchmarks;ProfileAndMacroBenchmarks;"'Profile switch (unload old, load new)'";Job-FSVFRZ;Default;Default;Default;Default;Default;Default;Default;Default;Default;Default;Default;Default;Default;Default;Default;Default;Default;Default;Default;Default;Default;Default;True;Default;Default;Default;Default;Default;Default;Default;Default;10;Default;1;Default;Default;Default;Default;Default;Default;Default;3;"Job-FSVFRZ(Server=True, IterationCount=10, LaunchCount=1, WarmupCount=3)";;1;Workload;Jitting;2;136300;16;8518.75;26;0;0;128
"ProfileAndMacroBenchmarks.'Profile switch (unload old, load new)'";RagnaController.Benchmarks;ProfileAndMacroBenchmarks;"'Profile switch (unload old, load new)'";Job-FSVFRZ;Default;Default;Default;Default;Default;Default;Default;Default;Default;Default;Default;Default;Default;Default;Default;Default;Default;Default;Default;Default;Default;Default;True;Default;Default;Default;Default;Default;Default;Default;Default;10;Default;1;Default;Default;Default;Default;Default;Default;Default;3;"Job-FSVFRZ(Server=True, IterationCount=10, LaunchCount=1, WarmupCount=3)";;1;Workload;Pilot;1;12100;16;756.25;26;0;0;128
"ProfileAndMacroBenchmarks.'Profile switch (unload old, load new)'";RagnaController.Benchmarks;ProfileAndMacroBenchmarks;"'Profile switch (unload old, load new)'";Job-FSVFRZ;Default;Default;Default;Default;Default;Default;Default;Default;Default;Default;Default;Default;Default;Default;Default;Default;Default;Default;Default;Default;Default;Default;True;Default;Default;Default;Default;Default;Default;Default;Default;10;Default;1;Default;Default;Default;Default;Default;Default;Default;3;"Job-FSVFRZ(Server=True, IterationCount=10, LaunchCount=1, WarmupCount=3)";;1;Workload;Pilot;2;14000;32;437.5;26;0;0;128
"ProfileAndMacroBenchmarks.'Profile switch (unload old, load new)'";RagnaController.Benchmarks;ProfileAndMacroBenchmarks;"'Profile switch (unload old, load new)'";Job-FSVFRZ;Default;Default;Default;Default;Default;Default;Default;Default;Default;Default;Default;Default;Default;Default;Default;Default;Default;Default;Default;Default;Default;Default;True;Default;Default;Default;Default;Default;Default;Default;Default;10;Default;1;Default;Default;Default;Default;Default;Default;Default;3;"Job-FSVFRZ(Server=True, IterationCount=10, LaunchCount=1, WarmupCount=3)";;1;Workload;Pilot;3;14700;64;229.69;26;0;0;128
"ProfileAndMacroBenchmarks.'Profile switch (unload old, load new)'";RagnaController.Benchmarks;ProfileAndMacroBenchmarks;"'Profile switch (unload old, load new)'";Job-FSVFRZ;Default;Default;Default;Default;Default;Default;Default;Default;Default;Default;Default;Default;Default;Default;Default;Default;Default;Default;Default;Default;Default;Default;True;Default;Default;Default;Default;Default;Default;Default;Default;10;Default;1;Default;Default;Default;Default;Default;Default;Default;3;"Job-FSVFRZ(Server=True, IterationCount=10, LaunchCount=1, WarmupCount=3)";;1;Workload;Pilot;4;31000;128;242.19;26;0;0;128
"ProfileAndMacroBenchmarks.'Profile switch (unload old, load new)'";RagnaController.Benchmarks;ProfileAndMacroBenchmarks;"'Profile switch (unload old, load new)'";Job-FSVFRZ;Default;Default;Default;Default;Default;Default;Default;Default;Default;Default;Default;Default;Default;Default;Default;Default;Default;Default;Default;Default;Default;Default;True;Default;Default;Default;Default;Default;Default;Default;Default;10;Default;1;Default;Default;Default;Default;Default;Default;Default;3;"Job-FSVFRZ(Server=True, IterationCount=10, LaunchCount=1, WarmupCount=3)";;1;Workload;Pilot;5;30700;256;119.92;26;0;0;128
"ProfileAndMacroBenchmarks.'Profile switch (unload old, load new)'";RagnaController.Benchmarks;ProfileAndMacroBenchmarks;"'Profile switch (unload old, load new)'";Job-FSVFRZ;Default;Default;Default;Default;Default;Default;Default;Default;Default;Default;Default;Default;Default;Default;Default;Default;Default;Default;Default;Default;Default;Default;True;Default;Default;Default;Default;Default;Default;Default;Default;10;Default;1;Default;Default;Default;Default;Default;Default;Default;3;"Job-FSVFRZ(Server=True, IterationCount=10, LaunchCount=1, WarmupCount=3)";;1;Workload;Pilot;6;57100;512;111.52;26;0;0;128
"ProfileAndMacroBenchmarks.'Profile switch (unload old, load new)'";RagnaController.Benchmarks;ProfileAndMacroBenchmarks;"'Profile switch (unload old, load new)'";Job-FSVFRZ;Default;Default;Default;Default;Default;Default;Default;Default;Default;Default;Default;Default;Default;Default;Default;Default;Default;Default;Default;Default;Default;Default;True;Default;Default;Default;Default;Default;Default;Default;Default;10;Default;1;Default;Default;Default;Default;Default;Default;Default;3;"Job-FSVFRZ(Server=True, IterationCount=10, LaunchCount=1, WarmupCount=3)";;1;Workload;Pilot;7;93200;1024;91.02;26;0;0;128
"ProfileAndMacroBenchmarks.'Profile switch (unload old, load new)'";RagnaController.Benchmarks;ProfileAndMacroBenchmarks;"'Profile switch (unload old, load new)'";Job-FSVFRZ;Default;Default;Default;Default;Default;Default;Default;Default;Default;Default;Default;Default;Default;Default;Default;Default;Default;Default;Default;Default;Default;Default;True;Default;Default;Default;Default;Default;Default;Default;Default;10;Default;1;Default;Default;Default;Default;Default;Default;Default;3;"Job-FSVFRZ(Server=True, IterationCount=10, LaunchCount=1, WarmupCount=3)";;1;Workload;Pilot;8;260900;2048;127.39;26;0;0;128
"ProfileAndMacroBenchmarks.'Profile switch (unload old, load new)'";RagnaController.Benchmarks;ProfileAndMacroBenchmarks;"'Profile switch (unload old, load new)'";Job-FSVFRZ;Default;Default;Default;Default;Default;Default;Default;Default;Default;Default;Default;Default;Default;Default;Default;Default;Default;Default;Default;Default;Default;Default;True;Default;Default;Default;Default;Default;Default;Default;Default;10;Default;1;Default;Default;Default;Default;Default;Default;Default;3;"Job-FSVFRZ(Server=True, IterationCount=10, LaunchCount=1, WarmupCount=3)";;1;Workload;Pilot;9;258300;4096;63.06;26;0;0;128
"ProfileAndMacroBenchmarks.'Profile switch (unload old, load new)'";RagnaController.Benchmarks;ProfileAndMacroBenchmarks;"'Profile switch (unload old, load new)'";Job-FSVFRZ;Default;Default;Default;Default;Default;Default;Default;Default;Default;Default;Default;Default;Default;Default;Default;Default;Default;Default;Default;Default;Default;Default;True;Default;Default;Default;Default;Default;Default;Default;Default;10;Default;1;Default;Default;Default;Default;Default;Default;Default;3;"Job-FSVFRZ(Server=True, IterationCount=10, LaunchCount=1, WarmupCount=3)";;1;Workload;Pilot;10;735300;8192;89.76;26;0;0;128
"ProfileAndMacroBenchmarks.'Profile switch (unload old, load new)'";RagnaController.Benchmarks;ProfileAndMacroBenchmarks;"'Profile switch (unload old, load new)'";Job-FSVFRZ;Default;Default;Default;Default;Default;Default;Default;Default;Default;Default;Default;Default;Default;Default;Default;Default;Default;Default;Default;Default;Default;Default;True;Default;Default;Default;Default;Default;Default;Default;Default;10;Default;1;Default;Default;Default;Default;Default;Default;Default;3;"Job-FSVFRZ(Server=True, IterationCount=10, LaunchCount=1, WarmupCount=3)";;1;Workload;Pilot;11;977400;16384;59.66;26;0;0;128
"ProfileAndMacroBenchmarks.'Profile switch (unload old, load new)'";RagnaController.Benchmarks;ProfileAndMacroBenchmarks;"'Profile switch (unload old, load new)'";Job-FSVFRZ;Default;Default;Default;Default;Default;Default;Default;Default;Default;Default;Default;Default;Default;Default;Default;Default;Default;Default;Default;Default;Default;Default;True;Default;Default;Default;Default;Default;Default;Default;Default;10;Default;1;Default;Default;Default;Default;Default;Default;Default;3;"Job-FSVFRZ(Server=True, IterationCount=10, LaunchCount=1, WarmupCount=3)";;1;Workload;Pilot;12;2067500;32768;63.1;26;0;0;128
"ProfileAndMacroBenchmarks.'Profile switch (unload old, load new)'";RagnaController.Benchmarks;ProfileAndMacroBenchmarks;"'Profile switch (unload old, load new)'";Job-FSVFRZ;Default;Default;Default;Default;Default;Default;Default;Default;Default;Default;Default;Default;Default;Default;Default;Default;Default;Default;Default;Default;Default;Default;True;Default;Default;Default;Default;Default;Default;Default;Default;10;Default;1;Default;Default;Default;Default;Default;Default;Default;3;"Job-FSVFRZ(Server=True, IterationCount=10, LaunchCount=1, WarmupCount=3)";;1;Workload;Pilot;13;4524700;65536;69.04;26;0;0;128
"ProfileAndMacroBenchmarks.'Profile switch (unload old, load new)'";RagnaController.Benchmarks;ProfileAndMacroBenchmarks;"'Profile switch (unload old, load new)'";Job-FSVFRZ;Default;Default;Default;Default;Default;Default;Default;Default;Default;Default;Default;Default;Default;Default;Default;Default;Default;Default;Default;Default;Default;Default;True;Default;Default;Default;Default;Default;Default;Default;Default;10;Default;1;Default;Default;Default;Default;Default;Default;Default;3;"Job-FSVFRZ(Server=True, IterationCount=10, LaunchCount=1, WarmupCount=3)";;1;Workload;Pilot;14;10655000;131072;81.29;26;0;0;128
"ProfileAndMacroBenchmarks.'Profile switch (unload old, load new)'";RagnaController.Benchmarks;ProfileAndMacroBenchmarks;"'Profile switch (unload old, load new)'";Job-FSVFRZ;Default;Default;Default;Default;Default;Default;Default;Default;Default;Default;Default;Default;Default;Default;Default;Default;Default;Default;Default;Default;Default;Default;True;Default;Default;Default;Default;Default;Default;Default;Default;10;Default;1;Default;Default;Default;Default;Default;Default;Default;3;"Job-FSVFRZ(Server=True, IterationCount=10, LaunchCount=1, WarmupCount=3)";;1;Workload;Pilot;15;21312900;262144;81.3;26;0;0;128
"ProfileAndMacroBenchmarks.'Profile switch (unload old, load new)'";RagnaController.Benchmarks;ProfileAndMacroBenchmarks;"'Profile switch (unload old, load new)'";Job-FSVFRZ;Default;Default;Default;Default;Default;Default;Default;Default;Default;Default;Default;Default;Default;Default;Default;Default;Default;Default;Default;Default;Default;Default;True;Default;Default;Default;Default;Default;Default;Default;Default;10;Default;1;Default;Default;Default;Default;Default;Default;Default;3;"Job-FSVFRZ(Server=True, IterationCount=10, LaunchCount=1, WarmupCount=3)";;1;Workload;Pilot;16;37409100;524288;71.35;26;0;0;128
"ProfileAndMacroBenchmarks.'Profile switch (unload old, load new)'";RagnaController.Benchmarks;ProfileAndMacroBenchmarks;"'Profile switch (unload old, load new)'";Job-FSVFRZ;Default;Default;Default;Default;Default;Default;Default;Default;Default;Default;Default;Default;Default;Default;Default;Default;Default;Default;Default;Default;Default;Default;True;Default;Default;Default;Default;Default;Default;Default;Default;10;Default;1;Default;Default;Default;Default;Default;Default;Default;3;"Job-FSVFRZ(Server=True, IterationCount=10, LaunchCount=1, WarmupCount=3)";;1;Workload;Pilot;17;84886900;1048576;80.95;26;0;0;128
"ProfileAndMacroBenchmarks.'Profile switch (unload old, load new)'";RagnaController.Benchmarks;ProfileAndMacroBenchmarks;"'Profile switch (unload old, load new)'";Job-FSVFRZ;Default;Default;Default;Default;Default;Default;Default;Default;Default;Default;Default;Default;Default;Default;Default;Default;Default;Default;Default;Default;Default;Default;True;Default;Default;Default;Default;Default;Default;Default;Default;10;Default;1;Default;Default;Default;Default;Default;Default;Default;3;"Job-FSVFRZ(Server=True, IterationCount=10, LaunchCount=1, WarmupCount=3)";;1;Workload;Pilot;18;117232000;2097152;55.9;26;0;0;128
"ProfileAndMacroBenchmarks.'Profile switch (unload old, load new)'";RagnaController.Benchmarks;ProfileAndMacroBenchmarks;"'Profile switch (unload old, load new)'";Job-FSVFRZ;Default;Default;Default;Default;Default;Default;Default;Default;Default;Default;Default;Default;Default;Default;Default;Default;Default;Default;Default;Default;Default;Default;True;Default;Default;Default;Default;Default;Default;Default;Default;10;Default;1;Default;Default;Default;Default;Default;Default;Default;3;"Job-FSVFRZ(Server=True, IterationCount=10, LaunchCount=1, WarmupCount=3)";;1;Workload;Pilot;19;119436700;4194304;28.48;26;0;0;128
"ProfileAndMacroBenchmarks.'Profile switch (unload old, load new)'";RagnaController.Benchmarks;ProfileAndMacroBenchmarks;"'Profile switch (unload old, load new)'";Job-FSVFRZ;Default;Default;Default;Default;Default;Default;Default;Default;Default;Default;Default;Default;Default;Default;Default;Default;Default;Default;Default;Default;Default;Default;True;Default;Default;Default;Default;Default;Default;Default;Default;10;Default;1;Default;Default;Default;Default;Default;Default;Default;3;"Job-FSVFRZ(Server=True, IterationCount=10, LaunchCount=1, WarmupCount=3)";;1;Workload;Pilot;20;184468500;8388608;21.99;26;0;0;128
"ProfileAndMacroBenchmarks.'Profile switch (unload old, load new)'";RagnaController.Benchmarks;ProfileAndMacroBenchmarks;"'Profile switch (unload old, load new)'";Job-FSVFRZ;Default;Default;Default;Default;Default;Default;Default;Default;Default;Default;Default;Default;Default;Default;Default;Default;Default;Default;Default;Default;Default;Default;True;Default;Default;Default;Default;Default;Default;Default;Default;10;Default;1;Default;Default;Default;Default;Default;Default;Default;3;"Job-FSVFRZ(Server=True, IterationCount=10, LaunchCount=1, WarmupCount=3)";;1;Workload;Pilot;21;359368900;16777216;21.42;26;0;0;128
"ProfileAndMacroBenchmarks.'Profile switch (unload old, load new)'";RagnaController.Benchmarks;ProfileAndMacroBenchmarks;"'Profile switch (unload old, load new)'";Job-FSVFRZ;Default;Default;Default;Default;Default;Default;Default;Default;Default;Default;Default;Default;Default;Default;Default;Default;Default;Default;Default;Default;Default;Default;True;Default;Default;Default;Default;Default;Default;Default;Default;10;Default;1;Default;Default;Default;Default;Default;Default;Default;3;"Job-FSVFRZ(Server=True, IterationCount=10, LaunchCount=1, WarmupCount=3)";;1;Workload;Pilot;22;700322400;33554432;20.87;26;0;0;128
"ProfileAndMacroBenchmarks.'Profile switch (unload old, load new)'";RagnaController.Benchmarks;ProfileAndMacroBenchmarks;"'Profile switch (unload old, load new)'";Job-FSVFRZ;Default;Default;Default;Default;Default;Default;Default;Default;Default;Default;Default;Default;Default;Default;Default;Default;Default;Default;Default;Default;Default;Default;True;Default;Default;Default;Default;Default;Default;Default;Default;10;Default;1;Default;Default;Default;Default;Default;Default;Default;3;"Job-FSVFRZ(Server=True, IterationCount=10, LaunchCount=1, WarmupCount=3)";;1;Overhead;Warmup;1;49371100;33554432;1.47;26;0;0;128
"ProfileAndMacroBenchmarks.'Profile switch (unload old, load new)'";RagnaController.Benchmarks;ProfileAndMacroBenchmarks;"'Profile switch (unload old, load new)'";Job-FSVFRZ;Default;Default;Default;Default;Default;Default;Default;Default;Default;Default;Default;Default;Default;Default;Default;Default;Default;Default;Default;Default;Default;Default;True;Default;Default;Default;Default;Default;Default;Default;Default;10;Default;1;Default;Default;Default;Default;Default;Default;Default;3;"Job-FSVFRZ(Server=True, IterationCount=10, LaunchCount=1, WarmupCount=3)";;1;Overhead;Warmup;2;52114900;33554432;1.55;26;0;0;128
"ProfileAndMacroBenchmarks.'Profile switch (unload old, load new)'";RagnaController.Benchmarks;ProfileAndMacroBenchmarks;"'Profile switch (unload old, load new)'";Job-FSVFRZ;Default;Default;Default;Default;Default;Default;Default;Default;Default;Default;Default;Default;Default;Default;Default;Default;Default;Default;Default;Default;Default;Default;True;Default;Default;Default;Default;Default;Default;Default;Default;10;Default;1;Default;Default;Default;Default;Default;Default;Default;3;"Job-FSVFRZ(Server=True, IterationCount=10, LaunchCount=1, WarmupCount=3)";;1;Overhead;Warmup;3;49375900;33554432;1.47;26;0;0;128
"ProfileAndMacroBenchmarks.'Profile switch (unload old, load new)'";RagnaController.Benchmarks;ProfileAndMacroBenchmarks;"'Profile switch (unload old, load new)'";Job-FSVFRZ;Default;Default;Default;Default;Default;Default;Default;Default;Default;Default;Default;Default;Default;Default;Default;Default;Default;Default;Default;Default;Default;Default;True;Default;Default;Default;Default;Default;Default;Default;Default;10;Default;1;Default;Default;Default;Default;Default;Default;Default;3;"Job-FSVFRZ(Server=True, IterationCount=10, LaunchCount=1, WarmupCount=3)";;1;Overhead;Warmup;4;49706700;33554432;1.48;26;0;0;128
"ProfileAndMacroBenchmarks.'Profile switch (unload old, load new)'";RagnaController.Benchmarks;ProfileAndMacroBenchmarks;"'Profile switch (unload old, load new)'";Job-FSVFRZ;Default;Default;Default;Default;Default;Default;Default;Default;Default;Default;Default;Default;Default;Default;Default;Default;Default;Default;Default;Default;Default;Default;True;Default;Default;Default;Default;Default;Default;Default;Default;10;Default;1;Default;Default;Default;Default;Default;Default;Default;3;"Job-FSVFRZ(Server=True, IterationCount=10, LaunchCount=1, WarmupCount=3)";;1;Overhead;Warmup;5;49704900;33554432;1.48;26;0;0;128
"ProfileAndMacroBenchmarks.'Profile switch (unload old, load new)'";RagnaController.Benchmarks;ProfileAndMacroBenchmarks;"'Profile switch (unload old, load new)'";Job-FSVFRZ;Default;Default;Default;Default;Default;Default;Default;Default;Default;Default;Default;Default;Default;Default;Default;Default;Default;Default;Default;Default;Default;Default;True;Default;Default;Default;Default;Default;Default;Default;Default;10;Default;1;Default;Default;Default;Default;Default;Default;Default;3;"Job-FSVFRZ(Server=True, IterationCount=10, LaunchCount=1, WarmupCount=3)";;1;Overhead;Actual;1;49654000;33554432;1.48;26;0;0;128
"ProfileAndMacroBenchmarks.'Profile switch (unload old, load new)'";RagnaController.Benchmarks;ProfileAndMacroBenchmarks;"'Profile switch (unload old, load new)'";Job-FSVFRZ;Default;Default;Default;Default;Default;Default;Default;Default;Default;Default;Default;Default;Default;Default;Default;Default;Default;Default;Default;Default;Default;Default;True;Default;Default;Default;Default;Default;Default;Default;Default;10;Default;1;Default;Default;Default;Default;Default;Default;Default;3;"Job-FSVFRZ(Server=True, IterationCount=10, LaunchCount=1, WarmupCount=3)";;1;Overhead;Actual;2;50269800;33554432;1.5;26;0;0;128
"ProfileAndMacroBenchmarks.'Profile switch (unload old, load new)'";RagnaController.Benchmarks;ProfileAndMacroBenchmarks;"'Profile switch (unload old, load new)'";Job-FSVFRZ;Default;Default;Default;Default;Default;Default;Default;Default;Default;Default;Default;Default;Default;Default;Default;Default;Default;Default;Default;Default;Default;Default;True;Default;Default;Default;Default;Default;Default;Default;Default;10;Default;1;Default;Default;Default;Default;Default;Default;Default;3;"Job-FSVFRZ(Server=True, IterationCount=10, LaunchCount=1, WarmupCount=3)";;1;Overhead;Actual;3;49670900;33554432;1.48;26;0;0;128
"ProfileAndMacroBenchmarks.'Profile switch (unload old, load new)'";RagnaController.Benchmarks;ProfileAndMacroBenchmarks;"'Profile switch (unload old, load new)'";Job-FSVFRZ;Default;Default;Default;Default;Default;Default;Default;Default;Default;Default;Default;Default;Default;Default;Default;Default;Default;Default;Default;Default;Default;Default;True;Default;Default;Default;Default;Default;Default;Default;Default;10;Default;1;Default;Default;Default;Default;Default;Default;Default;3;"Job-FSVFRZ(Server=True, IterationCount=10, LaunchCount=1, WarmupCount=3)";;1;Overhead;Actual;4;49708600;33554432;1.48;26;0;0;128
"ProfileAndMacroBenchmarks.'Profile switch (unload old, load new)'";RagnaController.Benchmarks;ProfileAndMacroBenchmarks;"'Profile switch (unload old, load new)'";Job-FSVFRZ;Default;Default;Default;Default;Default;Default;Default;Default;Default;Default;Default;Default;Default;Default;Default;Default;Default;Default;Default;Default;Default;Default;True;Default;Default;Default;Default;Default;Default;Default;Default;10;Default;1;Default;Default;Default;Default;Default;Default;Default;3;"Job-FSVFRZ(Server=True, IterationCount=10, LaunchCount=1, WarmupCount=3)";;1;Overhead;Actual;5;49729900;33554432;1.48;26;0;0;128
"ProfileAndMacroBenchmarks.'Profile switch (unload old, load new)'";RagnaController.Benchmarks;ProfileAndMacroBenchmarks;"'Profile switch (unload old, load new)'";Job-FSVFRZ;Default;Default;Default;Default;Default;Default;Default;Default;Default;Default;Default;Default;Default;Default;Default;Default;Default;Default;Default;Default;Default;Default;True;Default;Default;Default;Default;Default;Default;Default;Default;10;Default;1;Default;Default;Default;Default;Default;Default;Default;3;"Job-FSVFRZ(Server=True, IterationCount=10, LaunchCount=1, WarmupCount=3)";;1;Overhead;Actual;6;49659600;33554432;1.48;26;0;0;128
"ProfileAndMacroBenchmarks.'Profile switch (unload old, load new)'";RagnaController.Benchmarks;ProfileAndMacroBenchmarks;"'Profile switch (unload old, load new)'";Job-FSVFRZ;Default;Default;Default;Default;Default;Default;Default;Default;Default;Default;Default;Default;Default;Default;Default;Default;Default;Default;Default;Default;Default;Default;True;Default;Default;Default;Default;Default;Default;Default;Default;10;Default;1;Default;Default;Default;Default;Default;Default;Default;3;"Job-FSVFRZ(Server=True, IterationCount=10, LaunchCount=1, WarmupCount=3)";;1;Overhead;Actual;7;49695000;33554432;1.48;26;0;0;128
"ProfileAndMacroBenchmarks.'Profile switch (unload old, load new)'";RagnaController.Benchmarks;ProfileAndMacroBenchmarks;"'Profile switch (unload old, load new)'";Job-FSVFRZ;Default;Default;Default;Default;Default;Default;Default;Default;Default;Default;Default;Default;Default;Default;Default;Default;Default;Default;Default;Default;Default;Default;True;Default;Default;Default;Default;Default;Default;Default;Default;10;Default;1;Default;Default;Default;Default;Default;Default;Default;3;"Job-FSVFRZ(Server=True, IterationCount=10, LaunchCount=1, WarmupCount=3)";;1;Overhead;Actual;8;54344400;33554432;1.62;26;0;0;128
"ProfileAndMacroBenchmarks.'Profile switch (unload old, load new)'";RagnaController.Benchmarks;ProfileAndMacroBenchmarks;"'Profile switch (unload old, load new)'";Job-FSVFRZ;Default;Default;Default;Default;Default;Default;Default;Default;Default;Default;Default;Default;Default;Default;Default;Default;Default;Default;Default;Default;Default;Default;True;Default;Default;Default;Default;Default;Default;Default;Default;10;Default;1;Default;Default;Default;Default;Default;Default;Default;3;"Job-FSVFRZ(Server=True, IterationCount=10, LaunchCount=1, WarmupCount=3)";;1;Overhead;Actual;9;35685400;33554432;1.06;26;0;0;128
"ProfileAndMacroBenchmarks.'Profile switch (unload old, load new)'";RagnaController.Benchmarks;ProfileAndMacroBenchmarks;"'Profile switch (unload old, load new)'";Job-FSVFRZ;Default;Default;Default;Default;Default;Default;Default;Default;Default;Default;Default;Default;Default;Default;Default;Default;Default;Default;Default;Default;Default;Default;True;Default;Default;Default;Default;Default;Default;Default;Default;10;Default;1;Default;Default;Default;Default;Default;Default;Default;3;"Job-FSVFRZ(Server=True, IterationCount=10, LaunchCount=1, WarmupCount=3)";;1;Overhead;Actual;10;35769700;33554432;1.07;26;0;0;128
"ProfileAndMacroBenchmarks.'Profile switch (unload old, load new)'";RagnaController.Benchmarks;ProfileAndMacroBenchmarks;"'Profile switch (unload old, load new)'";Job-FSVFRZ;Default;Default;Default;Default;Default;Default;Default;Default;Default;Default;Default;Default;Default;Default;Default;Default;Default;Default;Default;Default;Default;Default;True;Default;Default;Default;Default;Default;Default;Default;Default;10;Default;1;Default;Default;Default;Default;Default;Default;Default;3;"Job-FSVFRZ(Server=True, IterationCount=10, LaunchCount=1, WarmupCount=3)";;1;Overhead;Actual;11;35523600;33554432;1.06;26;0;0;128
"ProfileAndMacroBenchmarks.'Profile switch (unload old, load new)'";RagnaController.Benchmarks;ProfileAndMacroBenchmarks;"'Profile switch (unload old, load new)'";Job-FSVFRZ;Default;Default;Default;Default;Default;Default;Default;Default;Default;Default;Default;Default;Default;Default;Default;Default;Default;Default;Default;Default;Default;Default;True;Default;Default;Default;Default;Default;Default;Default;Default;10;Default;1;Default;Default;Default;Default;Default;Default;Default;3;"Job-FSVFRZ(Server=True, IterationCount=10, LaunchCount=1, WarmupCount=3)";;1;Overhead;Actual;12;35774300;33554432;1.07;26;0;0;128
"ProfileAndMacroBenchmarks.'Profile switch (unload old, load new)'";RagnaController.Benchmarks;ProfileAndMacroBenchmarks;"'Profile switch (unload old, load new)'";Job-FSVFRZ;Default;Default;Default;Default;Default;Default;Default;Default;Default;Default;Default;Default;Default;Default;Default;Default;Default;Default;Default;Default;Default;Default;True;Default;Default;Default;Default;Default;Default;Default;Default;10;Default;1;Default;Default;Default;Default;Default;Default;Default;3;"Job-FSVFRZ(Server=True, IterationCount=10, LaunchCount=1, WarmupCount=3)";;1;Overhead;Actual;13;35869300;33554432;1.07;26;0;0;128
"ProfileAndMacroBenchmarks.'Profile switch (unload old, load new)'";RagnaController.Benchmarks;ProfileAndMacroBenchmarks;"'Profile switch (unload old, load new)'";Job-FSVFRZ;Default;Default;Default;Default;Default;Default;Default;Default;Default;Default;Default;Default;Default;Default;Default;Default;Default;Default;Default;Default;Default;Default;True;Default;Default;Default;Default;Default;Default;Default;Default;10;Default;1;Default;Default;Default;Default;Default;Default;Default;3;"Job-FSVFRZ(Server=True, IterationCount=10, LaunchCount=1, WarmupCount=3)";;1;Overhead;Actual;14;41110400;33554432;1.23;26;0;0;128
"ProfileAndMacroBenchmarks.'Profile switch (unload old, load new)'";RagnaController.Benchmarks;ProfileAndMacroBenchmarks;"'Profile switch (unload old, load new)'";Job-FSVFRZ;Default;Default;Default;Default;Default;Default;Default;Default;Default;Default;Default;Default;Default;Default;Default;Default;Default;Default;Default;Default;Default;Default;True;Default;Default;Default;Default;Default;Default;Default;Default;10;Default;1;Default;Default;Default;Default;Default;Default;Default;3;"Job-FSVFRZ(Server=True, IterationCount=10, LaunchCount=1, WarmupCount=3)";;1;Overhead;Actual;15;35351600;33554432;1.05;26;0;0;128
"ProfileAndMacroBenchmarks.'Profile switch (unload old, load new)'";RagnaController.Benchmarks;ProfileAndMacroBenchmarks;"'Profile switch (unload old, load new)'";Job-FSVFRZ;Default;Default;Default;Default;Default;Default;Default;Default;Default;Default;Default;Default;Default;Default;Default;Default;Default;Default;Default;Default;Default;Default;True;Default;Default;Default;Default;Default;Default;Default;Default;10;Default;1;Default;Default;Default;Default;Default;Default;Default;3;"Job-FSVFRZ(Server=True, IterationCount=10, LaunchCount=1, WarmupCount=3)";;1;Overhead;Actual;16;35336900;33554432;1.05;26;0;0;128
"ProfileAndMacroBenchmarks.'Profile switch (unload old, load new)'";RagnaController.Benchmarks;ProfileAndMacroBenchmarks;"'Profile switch (unload old, load new)'";Job-FSVFRZ;Default;Default;Default;Default;Default;Default;Default;Default;Default;Default;Default;Default;Default;Default;Default;Default;Default;Default;Default;Default;Default;Default;True;Default;Default;Default;Default;Default;Default;Default;Default;10;Default;1;Default;Default;Default;Default;Default;Default;Default;3;"Job-FSVFRZ(Server=True, IterationCount=10, LaunchCount=1, WarmupCount=3)";;1;Overhead;Actual;17;35331700;33554432;1.05;26;0;0;128
"ProfileAndMacroBenchmarks.'Profile switch (unload old, load new)'";RagnaController.Benchmarks;ProfileAndMacroBenchmarks;"'Profile switch (unload old, load new)'";Job-FSVFRZ;Default;Default;Default;Default;Default;Default;Default;Default;Default;Default;Default;Default;Default;Default;Default;Default;Default;Default;Default;Default;Default;Default;True;Default;Default;Default;Default;Default;Default;Default;Default;10;Default;1;Default;Default;Default;Default;Default;Default;Default;3;"Job-FSVFRZ(Server=True, IterationCount=10, LaunchCount=1, WarmupCount=3)";;1;Overhead;Actual;18;35644500;33554432;1.06;26;0;0;128
"ProfileAndMacroBenchmarks.'Profile switch (unload old, load new)'";RagnaController.Benchmarks;ProfileAndMacroBenchmarks;"'Profile switch (unload old, load new)'";Job-FSVFRZ;Default;Default;Default;Default;Default;Default;Default;Default;Default;Default;Default;Default;Default;Default;Default;Default;Default;Default;Default;Default;Default;Default;True;Default;Default;Default;Default;Default;Default;Default;Default;10;Default;1;Default;Default;Default;Default;Default;Default;Default;3;"Job-FSVFRZ(Server=True, IterationCount=10, LaunchCount=1, WarmupCount=3)";;1;Overhead;Actual;19;42543600;33554432;1.27;26;0;0;128
"ProfileAndMacroBenchmarks.'Profile switch (unload old, load new)'";RagnaController.Benchmarks;ProfileAndMacroBenchmarks;"'Profile switch (unload old, load new)'";Job-FSVFRZ;Default;Default;Default;Default;Default;Default;Default;Default;Default;Default;Default;Default;Default;Default;Default;Default;Default;Default;Default;Default;Default;Default;True;Default;Default;Default;Default;Default;Default;Default;Default;10;Default;1;Default;Default;Default;Default;Default;Default;Default;3;"Job-FSVFRZ(Server=True, IterationCount=10, LaunchCount=1, WarmupCount=3)";;1;Overhead;Actual;20;40035600;33554432;1.19;26;0;0;128
"ProfileAndMacroBenchmarks.'Profile switch (unload old, load new)'";RagnaController.Benchmarks;ProfileAndMacroBenchmarks;"'Profile switch (unload old, load new)'";Job-FSVFRZ;Default;Default;Default;Default;Default;Default;Default;Default;Default;Default;Default;Default;Default;Default;Default;Default;Default;Default;Default;Default;Default;Default;True;Default;Default;Default;Default;Default;Default;Default;Default;10;Default;1;Default;Default;Default;Default;Default;Default;Default;3;"Job-FSVFRZ(Server=True, IterationCount=10, LaunchCount=1, WarmupCount=3)";;1;Workload;Warmup;1;1002012700;33554432;29.86;26;0;0;128
"ProfileAndMacroBenchmarks.'Profile switch (unload old, load new)'";RagnaController.Benchmarks;ProfileAndMacroBenchmarks;"'Profile switch (unload old, load new)'";Job-FSVFRZ;Default;Default;Default;Default;Default;Default;Default;Default;Default;Default;Default;Default;Default;Default;Default;Default;Default;Default;Default;Default;Default;Default;True;Default;Default;Default;Default;Default;Default;Default;Default;10;Default;1;Default;Default;Default;Default;Default;Default;Default;3;"Job-FSVFRZ(Server=True, IterationCount=10, LaunchCount=1, WarmupCount=3)";;1;Workload;Warmup;2;846255700;33554432;25.22;26;0;0;128
"ProfileAndMacroBenchmarks.'Profile switch (unload old, load new)'";RagnaController.Benchmarks;ProfileAndMacroBenchmarks;"'Profile switch (unload old, load new)'";Job-FSVFRZ;Default;Default;Default;Default;Default;Default;Default;Default;Default;Default;Default;Default;Default;Default;Default;Default;Default;Default;Default;Default;Default;Default;True;Default;Default;Default;Default;Default;Default;Default;Default;10;Default;1;Default;Default;Default;Default;Default;Default;Default;3;"Job-FSVFRZ(Server=True, IterationCount=10, LaunchCount=1, WarmupCount=3)";;1;Workload;Warmup;3;818872100;33554432;24.4;26;0;0;128
"ProfileAndMacroBenchmarks.'Profile switch (unload old, load new)'";RagnaController.Benchmarks;ProfileAndMacroBenchmarks;"'Profile switch (unload old, load new)'";Job-FSVFRZ;Default;Default;Default;Default;Default;Default;Default;Default;Default;Default;Default;Default;Default;Default;Default;Default;Default;Default;Default;Default;Default;Default;True;Default;Default;Default;Default;Default;Default;Default;Default;10;Default;1;Default;Default;Default;Default;Default;Default;Default;3;"Job-FSVFRZ(Server=True, IterationCount=10, LaunchCount=1, WarmupCount=3)";;1;Workload;Actual;1;895181000;33554432;26.68;26;0;0;128
"ProfileAndMacroBenchmarks.'Profile switch (unload old, load new)'";RagnaController.Benchmarks;ProfileAndMacroBenchmarks;"'Profile switch (unload old, load new)'";Job-FSVFRZ;Default;Default;Default;Default;Default;Default;Default;Default;Default;Default;Default;Default;Default;Default;Default;Default;Default;Default;Default;Default;Default;Default;True;Default;Default;Default;Default;Default;Default;Default;Default;10;Default;1;Default;Default;Default;Default;Default;Default;Default;3;"Job-FSVFRZ(Server=True, IterationCount=10, LaunchCount=1, WarmupCount=3)";;1;Workload;Actual;2;796469200;33554432;23.74;26;0;0;128
"ProfileAndMacroBenchmarks.'Profile switch (unload old, load new)'";RagnaController.Benchmarks;ProfileAndMacroBenchmarks;"'Profile switch (unload old, load new)'";Job-FSVFRZ;Default;Default;Default;Default;Default;Default;Default;Default;Default;Default;Default;Default;Default;Default;Default;Default;Default;Default;Default;Default;Default;Default;True;Default;Default;Default;Default;Default;Default;Default;Default;10;Default;1;Default;Default;Default;Default;Default;Default;Default;3;"Job-FSVFRZ(Server=True, IterationCount=10, LaunchCount=1, WarmupCount=3)";;1;Workload;Actual;3;797651800;33554432;23.77;26;0;0;128
"ProfileAndMacroBenchmarks.'Profile switch (unload old, load new)'";RagnaController.Benchmarks;ProfileAndMacroBenchmarks;"'Profile switch (unload old, load new)'";Job-FSVFRZ;Default;Default;Default;Default;Default;Default;Default;Default;Default;Default;Default;Default;Default;Default;Default;Default;Default;Default;Default;Default;Default;Default;True;Default;Default;Default;Default;Default;Default;Default;Default;10;Default;1;Default;Default;Default;Default;Default;Default;Default;3;"Job-FSVFRZ(Server=True, IterationCount=10, LaunchCount=1, WarmupCount=3)";;1;Workload;Actual;4;807647500;33554432;24.07;26;0;0;128
"ProfileAndMacroBenchmarks.'Profile switch (unload old, load new)'";RagnaController.Benchmarks;ProfileAndMacroBenchmarks;"'Profile switch (unload old, load new)'";Job-FSVFRZ;Default;Default;Default;Default;Default;Default;Default;Default;Default;Default;Default;Default;Default;Default;Default;Default;Default;Default;Default;Default;Default;Default;True;Default;Default;Default;Default;Default;Default;Default;Default;10;Default;1;Default;Default;Default;Default;Default;Default;Default;3;"Job-FSVFRZ(Server=True, IterationCount=10, LaunchCount=1, WarmupCount=3)";;1;Workload;Actual;5;906946800;33554432;27.03;26;0;0;128
"ProfileAndMacroBenchmarks.'Profile switch (unload old, load new)'";RagnaController.Benchmarks;ProfileAndMacroBenchmarks;"'Profile switch (unload old, load new)'";Job-FSVFRZ;Default;Default;Default;Default;Default;Default;Default;Default;Default;Default;Default;Default;Default;Default;Default;Default;Default;Default;Default;Default;Default;Default;True;Default;Default;Default;Default;Default;Default;Default;Default;10;Default;1;Default;Default;Default;Default;Default;Default;Default;3;"Job-FSVFRZ(Server=True, IterationCount=10, LaunchCount=1, WarmupCount=3)";;1;Workload;Actual;6;800828000;33554432;23.87;26;0;0;128
"ProfileAndMacroBenchmarks.'Profile switch (unload old, load new)'";RagnaController.Benchmarks;ProfileAndMacroBenchmarks;"'Profile switch (unload old, load new)'";Job-FSVFRZ;Default;Default;Default;Default;Default;Default;Default;Default;Default;Default;Default;Default;Default;Default;Default;Default;Default;Default;Default;Default;Default;Default;True;Default;Default;Default;Default;Default;Default;Default;Default;10;Default;1;Default;Default;Default;Default;Default;Default;Default;3;"Job-FSVFRZ(Server=True, IterationCount=10, LaunchCount=1, WarmupCount=3)";;1;Workload;Actual;7;792986900;33554432;23.63;26;0;0;128
"ProfileAndMacroBenchmarks.'Profile switch (unload old, load new)'";RagnaController.Benchmarks;ProfileAndMacroBenchmarks;"'Profile switch (unload old, load new)'";Job-FSVFRZ;Default;Default;Default;Default;Default;Default;Default;Default;Default;Default;Default;Default;Default;Default;Default;Default;Default;Default;Default;Default;Default;Default;True;Default;Default;Default;Default;Default;Default;Default;Default;10;Default;1;Default;Default;Default;Default;Default;Default;Default;3;"Job-FSVFRZ(Server=True, IterationCount=10, LaunchCount=1, WarmupCount=3)";;1;Workload;Actual;8;942888200;33554432;28.1;26;0;0;128
"ProfileAndMacroBenchmarks.'Profile switch (unload old, load new)'";RagnaController.Benchmarks;ProfileAndMacroBenchmarks;"'Profile switch (unload old, load new)'";Job-FSVFRZ;Default;Default;Default;Default;Default;Default;Default;Default;Default;Default;Default;Default;Default;Default;Default;Default;Default;Default;Default;Default;Default;Default;True;Default;Default;Default;Default;Default;Default;Default;Default;10;Default;1;Default;Default;Default;Default;Default;Default;Default;3;"Job-FSVFRZ(Server=True, IterationCount=10, LaunchCount=1, WarmupCount=3)";;1;Workload;Actual;9;800655000;33554432;23.86;26;0;0;128
"ProfileAndMacroBenchmarks.'Profile switch (unload old, load new)'";RagnaController.Benchmarks;ProfileAndMacroBenchmarks;"'Profile switch (unload old, load new)'";Job-FSVFRZ;Default;Default;Default;Default;Default;Default;Default;Default;Default;Default;Default;Default;Default;Default;Default;Default;Default;Default;Default;Default;Default;Default;True;Default;Default;Default;Default;Default;Default;Default;Default;10;Default;1;Default;Default;Default;Default;Default;Default;Default;3;"Job-FSVFRZ(Server=True, IterationCount=10, LaunchCount=1, WarmupCount=3)";;1;Workload;Actual;10;841475200;33554432;25.08;26;0;0;128
"ProfileAndMacroBenchmarks.'Profile switch (unload old, load new)'";RagnaController.Benchmarks;ProfileAndMacroBenchmarks;"'Profile switch (unload old, load new)'";Job-FSVFRZ;Default;Default;Default;Default;Default;Default;Default;Default;Default;Default;Default;Default;Default;Default;Default;Default;Default;Default;Default;Default;Default;Default;True;Default;Default;Default;Default;Default;Default;Default;Default;10;Default;1;Default;Default;Default;Default;Default;Default;Default;3;"Job-FSVFRZ(Server=True, IterationCount=10, LaunchCount=1, WarmupCount=3)";;1;Workload;Result;1;854608000;33554432;25.47;26;0;0;128
"ProfileAndMacroBenchmarks.'Profile switch (unload old, load new)'";RagnaController.Benchmarks;ProfileAndMacroBenchmarks;"'Profile switch (unload old, load new)'";Job-FSVFRZ;Default;Default;Default;Default;Default;Default;Default;Default;Default;Default;Default;Default;Default;Default;Default;Default;Default;Default;Default;Default;Default;Default;True;Default;Default;Default;Default;Default;Default;Default;Default;10;Default;1;Default;Default;Default;Default;Default;Default;Default;3;"Job-FSVFRZ(Server=True, IterationCount=10, LaunchCount=1, WarmupCount=3)";;1;Workload;Result;2;755896200;33554432;22.53;26;0;0;128
"ProfileAndMacroBenchmarks.'Profile switch (unload old, load new)'";RagnaController.Benchmarks;ProfileAndMacroBenchmarks;"'Profile switch (unload old, load new)'";Job-FSVFRZ;Default;Default;Default;Default;Default;Default;Default;Default;Default;Default;Default;Default;Default;Default;Default;Default;Default;Default;Default;Default;Default;Default;True;Default;Default;Default;Default;Default;Default;Default;Default;10;Default;1;Default;Default;Default;Default;Default;Default;Default;3;"Job-FSVFRZ(Server=True, IterationCount=10, LaunchCount=1, WarmupCount=3)";;1;Workload;Result;3;757078800;33554432;22.56;26;0;0;128
"ProfileAndMacroBenchmarks.'Profile switch (unload old, load new)'";RagnaController.Benchmarks;ProfileAndMacroBenchmarks;"'Profile switch (unload old, load new)'";Job-FSVFRZ;Default;Default;Default;Default;Default;Default;Default;Default;Default;Default;Default;Default;Default;Default;Default;Default;Default;Default;Default;Default;Default;Default;True;Default;Default;Default;Default;Default;Default;Default;Default;10;Default;1;Default;Default;Default;Default;Default;Default;Default;3;"Job-FSVFRZ(Server=True, IterationCount=10, LaunchCount=1, WarmupCount=3)";;1;Workload;Result;4;767074500;33554432;22.86;26;0;0;128
"ProfileAndMacroBenchmarks.'Profile switch (unload old, load new)'";RagnaController.Benchmarks;ProfileAndMacroBenchmarks;"'Profile switch (unload old, load new)'";Job-FSVFRZ;Default;Default;Default;Default;Default;Default;Default;Default;Default;Default;Default;Default;Default;Default;Default;Default;Default;Default;Default;Default;Default;Default;True;Default;Default;Default;Default;Default;Default;Default;Default;10;Default;1;Default;Default;Default;Default;Default;Default;Default;3;"Job-FSVFRZ(Server=True, IterationCount=10, LaunchCount=1, WarmupCount=3)";;1;Workload;Result;5;866373800;33554432;25.82;26;0;0;128
"ProfileAndMacroBenchmarks.'Profile switch (unload old, load new)'";RagnaController.Benchmarks;ProfileAndMacroBenchmarks;"'Profile switch (unload old, load new)'";Job-FSVFRZ;Default;Default;Default;Default;Default;Default;Default;Default;Default;Default;Default;Default;Default;Default;Default;Default;Default;Default;Default;Default;Default;Default;True;Default;Default;Default;Default;Default;Default;Default;Default;10;Default;1;Default;Default;Default;Default;Default;Default;Default;3;"Job-FSVFRZ(Server=True, IterationCount=10, LaunchCount=1, WarmupCount=3)";;1;Workload;Result;6;760255000;33554432;22.66;26;0;0;128
"ProfileAndMacroBenchmarks.'Profile switch (unload old, load new)'";RagnaController.Benchmarks;ProfileAndMacroBenchmarks;"'Profile switch (unload old, load new)'";Job-FSVFRZ;Default;Default;Default;Default;Default;Default;Default;Default;Default;Default;Default;Default;Default;Default;Default;Default;Default;Default;Default;Default;Default;Default;True;Default;Default;Default;Default;Default;Default;Default;Default;10;Default;1;Default;Default;Default;Default;Default;Default;Default;3;"Job-FSVFRZ(Server=True, IterationCount=10, LaunchCount=1, WarmupCount=3)";;1;Workload;Result;7;752413900;33554432;22.42;26;0;0;128
"ProfileAndMacroBenchmarks.'Profile switch (unload old, load new)'";RagnaController.Benchmarks;ProfileAndMacroBenchmarks;"'Profile switch (unload old, load new)'";Job-FSVFRZ;Default;Default;Default;Default;Default;Default;Default;Default;Default;Default;Default;Default;Default;Default;Default;Default;Default;Default;Default;Default;Default;Default;True;Default;Default;Default;Default;Default;Default;Default;Default;10;Default;1;Default;Default;Default;Default;Default;Default;Default;3;"Job-FSVFRZ(Server=True, IterationCount=10, LaunchCount=1, WarmupCount=3)";;1;Workload;Result;8;902315200;33554432;26.89;26;0;0;128
"ProfileAndMacroBenchmarks.'Profile switch (unload old, load new)'";RagnaController.Benchmarks;ProfileAndMacroBenchmarks;"'Profile switch (unload old, load new)'";Job-FSVFRZ;Default;Default;Default;Default;Default;Default;Default;Default;Default;Default;Default;Default;Default;Default;Default;Default;Default;Default;Default;Default;Default;Default;True;Default;Default;Default;Default;Default;Default;Default;Default;10;Default;1;Default;Default;Default;Default;Default;Default;Default;3;"Job-FSVFRZ(Server=True, IterationCount=10, LaunchCount=1, WarmupCount=3)";;1;Workload;Result;9;760082000;33554432;22.65;26;0;0;128
"ProfileAndMacroBenchmarks.'Profile switch (unload old, load new)'";RagnaController.Benchmarks;ProfileAndMacroBenchmarks;"'Profile switch (unload old, load new)'";Job-FSVFRZ;Default;Default;Default;Default;Default;Default;Default;Default;Default;Default;Default;Default;Default;Default;Default;Default;Default;Default;Default;Default;Default;Default;True;Default;Default;Default;Default;Default;Default;Default;Default;10;Default;1;Default;Default;Default;Default;Default;Default;Default;3;"Job-FSVFRZ(Server=True, IterationCount=10, LaunchCount=1, WarmupCount=3)";;1;Workload;Result;10;800902200;33554432;23.87;26;0;0;128
